Title,Company,location,Link
Software/Web Developer,KITKAT SOFTWARE TECHNOLOGIES,"Coimbatore, India",https://stackoverflow.com/jobs/375070
iOS Developer | Web Developer,Torbit Technologies,"Coimbatore, India",https://stackoverflow.com/jobs/375066
Front End Developer,TechArdors Global,"Coimbatore, India",https://stackoverflow.com/jobs/375052
MEAN Stack Developer,LKN Global Services,"Coimbatore, India",https://stackoverflow.com/jobs/375043
"Java,.net,Python,Android,Web Designing,Software Testing",V P Placement,"Pune, India",https://stackoverflow.com/jobs/328140
Software Developers,NavisRx,"Pune, India",https://stackoverflow.com/jobs/375038
Sr. Java Developer,Joel Consultancy,"Pune, India",https://stackoverflow.com/jobs/375037
Internship Training,XOR Bit Infotech,"Pune, India",https://stackoverflow.com/jobs/375036
Jr. / Sr. Software Engineer (Android),Watershed Organisation Trust,"Pune, India",https://stackoverflow.com/jobs/375034
Technical Lead (Android),Infostretch Corporation,"Pune, India",https://stackoverflow.com/jobs/375033
Senior Android Developer,WorldEmp,"Pune, India",https://stackoverflow.com/jobs/375029
Senior Software Developer JAVA/Android,Huntsmen and Barons,"Pune, India",https://stackoverflow.com/jobs/375028
Senior Android Developer,EyecareLive Pvt Ltd,"Pune, India",https://stackoverflow.com/jobs/375027
Senior Android Developer,Sdaemon Infotech PVT LTD,"Pune, India",https://stackoverflow.com/jobs/375024
Urgent requirement for Android Developers,iLogix,"Pune, India",https://stackoverflow.com/jobs/375023
Android Developer,SkillLiner,"Pune, India",https://stackoverflow.com/jobs/323293
Android developer,CODE MINGLE TECHNOLOGY,"Pune, India",https://stackoverflow.com/jobs/375021
Android Developer,RoxAI,"Pune, India",https://stackoverflow.com/jobs/323303
Android Application Developer,White Recruit,"Pune, India",https://stackoverflow.com/jobs/375019
Android Developer,Navkar Dreams,"Pune, India",https://stackoverflow.com/jobs/375018
Android Developer,NexGeN Inventive Information Technology Pvt. Ltd.,"Pune, India",https://stackoverflow.com/jobs/349397
Android Developer,Viki Software (OPC) Pvt. Ltd.,"Pune, India",https://stackoverflow.com/jobs/375017
Full stack android developer,InnoShri,"Pune, India",https://stackoverflow.com/jobs/375016
Android Developer,Miotweb Technologies Private Limited,"Pune, India",https://stackoverflow.com/jobs/375015
Openings for Android Developer,Clintico Infotech Pvt Ltd,"Pune, India",https://stackoverflow.com/jobs/375014
